{
  "swagger": "2.0",
  "info": {
    "description": "This is a API populate  Item-product details and get the products details against an itemId",
    "version": "1.0.0",
    "title": "ItemMasterService"
  },
  "basePath": "/cts-th-delta",
  "paths": {
    "/item": {
      "post": {
        "tags": [
          "Item"
        ],
        "description": "Populate item details",
        "operationId": "createItemDetails",
        "consumes": [
          "application/json",
          "application/Xml"
        ],
        "parameters": [
          {
            "name": "body",
            "in": "body",
            "description": "",
            "schema": {
              "$ref": "#/definitions/ItemInput"
            }
          }
        ],
        "produces": [
          "application/json",
          "application/Xml"
        ],
        "responses": {
          "200": {
            "description": "Success",
            "schema": {
              "$ref": "#/definitions/ItemsUpdated"
            }
          },
          "400": {
            "description": "Bad input parameter"
          },
          "401": {
            "description": "Unauthorized"
          },
          "403": {
            "description": "Forbidden"
          },
          "404": {
            "description": "Not Found"
          },
          "405": {
            "description": "Invalid input"
          }
        }
      },
      "get": {
        "tags": [
          "Item"
        ],
        "description": "Gets Item Specific Product data",
        "operationId": "getItemDetails",
        "consumes": [
          "application/json",
          "application/Xml"
        ],
        "parameters": [
          {
            "name": "ItemId",
            "in": "query",
            "description": "ItemId",
            "required": false,
            "type": "string"
          }
        ],
        "produces": [
          "application/json",
          "application/Xml"
        ],
        "responses": {
          "200": {
            "description": "Success",
            "schema": {
              "$ref": "#/definitions/ProductDetails"
            }
          },
          "400": {
            "description": "Bad input parameter"
          },
          "401": {
            "description": "Unauthorized"
          },
          "403": {
            "description": "Forbidden"
          },
          "404": {
            "description": "Not Found"
          },
          "405": {
            "description": "Invalid input"
          }
        }
      }
    }
  },
  "definitions": {
    "ItemInput": {
      "type": "object",
      "properties": {
        "ItemInputString": {
          "type": "string"
        }
      }
    },
    "ItemsUpdated": {
      "type": "object",
      "properties": {
        "Items": {
          "type": "object",
          "properties": {
            "NumberofItemsUpdated": {
              "type": "integer"
            },
            "NumberofProductsUpdated": {
              "type": "integer"
            },
            "NumberofNutritionsUpdated": {
              "type": "integer"
            }
          }
        }
      }
    },
    "ProductDetails": {
      "type": "object",
      "properties": {
        "items": {
          "type": "array",
          "items": 
            {
              "type": "object",
              "properties": {
                "ProductId": {
                  "type": "string"
                },
                "Type": {
                  "type": "string"
                },
                 "Brand": {
                  "type": "string"
                }
              }
            }
        }
      },
      "required": [
        "items"
      ]
    }
      }
    }